SNo,Parameters,Recommendation
1,Throughput=715Mbps | Latency=11ms | Reliability=99.967% | Density=2533devices/km2 | Mobility=58km/h | Error  =Scale lag | StdTag=TS 23.501,"TS 23.501 eMBB QoS tune, URLLC latency hold, mMTC device scale"
2,Throughput=809Mbps | Latency=6ms | Reliability=99.972% | Density=3680devices/km2 | Mobility=99km/h | Error  =Timing skew | StdTag=TS 23.501,"TS 23.501 eMBB QoS tune, URLLC latency hold, mMTC device scale"
3,Throughput=1125Mbps | Latency=6ms | Reliability=99.985% | Density=2219devices/km2 | Mobility=108km/h | Error  =Scale lag | StdTag=TS 23.501,"TS 23.501 eMBB QoS tune, URLLC latency hold, mMTC device scale"
4,Throughput=647Mbps | Latency=3ms | Reliability=99.96% | Density=3761devices/km2 | Mobility=58km/h | Error  =Buffer warn | StdTag=TS 23.501,"TS 23.501 eMBB QoS tune, URLLC latency hold, mMTC device scale"
5,Throughput=843Mbps | Latency=4ms | Reliability=99.971% | Density=3981devices/km2 | Mobility=58km/h | Error  =QoS drift | StdTag=TS 23.501,"TS 23.501 eMBB QoS tune, URLLC latency hold, mMTC device scale"
6,Throughput=872Mbps | Latency=7ms | Reliability=99.987% | Density=3789devices/km2 | Mobility=83km/h | Error  =Link drop | StdTag=TS 23.501,"TS 23.501 eMBB QoS tune, URLLC latency hold, mMTC device scale"
7,Throughput=908Mbps | Latency=14ms | Reliability=99.964% | Density=2417devices/km2 | Mobility=47km/h | Error  =Low jitter | StdTag=TS 23.501,"TS 23.501 eMBB QoS tune, URLLC latency hold, mMTC device scale"
8,Throughput=894Mbps | Latency=14ms | Reliability=99.992% | Density=2077devices/km2 | Mobility=44km/h | Error  =Timing skew | StdTag=TS 23.501,"TS 23.501 eMBB QoS tune, URLLC latency hold, mMTC device scale"
9,Throughput=1193Mbps | Latency=5ms | Reliability=99.95% | Density=2464devices/km2 | Mobility=67km/h | Error  =Link drop | StdTag=TS 23.501,"TS 23.501 eMBB QoS tune, URLLC latency hold, mMTC device scale"
10,Throughput=820Mbps | Latency=7ms | Reliability=99.955% | Density=2326devices/km2 | Mobility=102km/h | Error  =Low jitter | StdTag=TS 23.501,"TS 23.501 eMBB QoS tune, URLLC latency hold, mMTC device scale"
11,Throughput=711Mbps | Latency=12ms | Reliability=99.955% | Density=3279devices/km2 | Mobility=102km/h | Error  =Policy miss | StdTag=TS 23.501,"TS 23.501 eMBB QoS tune, URLLC latency hold, mMTC device scale"
12,Throughput=857Mbps | Latency=13ms | Reliability=99.958% | Density=2000devices/km2 | Mobility=70km/h | Error  =Scale lag | StdTag=TS 23.501,"TS 23.501 eMBB QoS tune, URLLC latency hold, mMTC device scale"
13,Throughput=1042Mbps | Latency=10ms | Reliability=99.995% | Density=2297devices/km2 | Mobility=80km/h | Error  =Link drop | StdTag=TS 23.501,"TS 23.501 eMBB QoS tune, URLLC latency hold, mMTC device scale"
14,Throughput=757Mbps | Latency=6ms | Reliability=99.951% | Density=3030devices/km2 | Mobility=48km/h | Error  =Radio load | StdTag=TS 23.501,"TS 23.501 eMBB QoS tune, URLLC latency hold, mMTC device scale"
15,Throughput=574Mbps | Latency=5ms | Reliability=99.965% | Density=2577devices/km2 | Mobility=62km/h | Error  =Low jitter | StdTag=TS 23.501,"TS 23.501 eMBB QoS tune, URLLC latency hold, mMTC device scale"
16,Throughput=628Mbps | Latency=5ms | Reliability=99.976% | Density=2067devices/km2 | Mobility=96km/h | Error  =Low jitter | StdTag=TS 23.501,"TS 23.501 eMBB QoS tune, URLLC latency hold, mMTC device scale"
17,Throughput=762Mbps | Latency=15ms | Reliability=99.961% | Density=2988devices/km2 | Mobility=53km/h | Error  =Timing skew | StdTag=TS 23.501,"TS 23.501 eMBB QoS tune, URLLC latency hold, mMTC device scale"
18,Throughput=1024Mbps | Latency=6ms | Reliability=99.956% | Density=2203devices/km2 | Mobility=36km/h | Error  =Low jitter | StdTag=TS 23.501,"TS 23.501 eMBB QoS tune, URLLC latency hold, mMTC device scale"
19,Throughput=724Mbps | Latency=14ms | Reliability=99.975% | Density=3026devices/km2 | Mobility=65km/h | Error  =Radio load | StdTag=TS 23.501,"TS 23.501 eMBB QoS tune, URLLC latency hold, mMTC device scale"
20,Throughput=727Mbps | Latency=5ms | Reliability=99.969% | Density=2709devices/km2 | Mobility=75km/h | Error  =Minor delay | StdTag=TS 23.501,"TS 23.501 eMBB QoS tune, URLLC latency hold, mMTC device scale"
21,Throughput=971Mbps | Latency=10ms | Reliability=99.994% | Density=2744devices/km2 | Mobility=53km/h | Error  =Scale lag | StdTag=TS 23.501,"TS 23.501 eMBB QoS tune, URLLC latency hold, mMTC device scale"
22,Throughput=1013Mbps | Latency=14ms | Reliability=99.975% | Density=3868devices/km2 | Mobility=92km/h | Error  =Timing skew | StdTag=TS 23.501,"TS 23.501 eMBB QoS tune, URLLC latency hold, mMTC device scale"
23,Throughput=557Mbps | Latency=9ms | Reliability=99.959% | Density=3636devices/km2 | Mobility=86km/h | Error  =Minor delay | StdTag=TS 23.501,"TS 23.501 eMBB QoS tune, URLLC latency hold, mMTC device scale"
24,Throughput=984Mbps | Latency=4ms | Reliability=99.963% | Density=3085devices/km2 | Mobility=50km/h | Error  =Sync loss | StdTag=TS 23.501,"TS 23.501 eMBB QoS tune, URLLC latency hold, mMTC device scale"
25,Throughput=925Mbps | Latency=8ms | Reliability=99.995% | Density=2298devices/km2 | Mobility=83km/h | Error  =Scale lag | StdTag=TS 23.501,"TS 23.501 eMBB QoS tune, URLLC latency hold, mMTC device scale"
26,Throughput=766Mbps | Latency=8ms | Reliability=99.964% | Density=3019devices/km2 | Mobility=110km/h | Error  =Buffer warn | StdTag=TS 23.501,"TS 23.501 eMBB QoS tune, URLLC latency hold, mMTC device scale"
27,Throughput=924Mbps | Latency=12ms | Reliability=99.99% | Density=2389devices/km2 | Mobility=68km/h | Error  =Policy miss | StdTag=TS 23.501,"TS 23.501 eMBB QoS tune, URLLC latency hold, mMTC device scale"
28,Throughput=511Mbps | Latency=6ms | Reliability=99.985% | Density=2183devices/km2 | Mobility=37km/h | Error  =Policy miss | StdTag=TS 23.501,"TS 23.501 eMBB QoS tune, URLLC latency hold, mMTC device scale"
29,Throughput=746Mbps | Latency=5ms | Reliability=99.985% | Density=2393devices/km2 | Mobility=105km/h | Error  =Scale lag | StdTag=TS 23.501,"TS 23.501 eMBB QoS tune, URLLC latency hold, mMTC device scale"
30,Throughput=607Mbps | Latency=5ms | Reliability=99.968% | Density=3120devices/km2 | Mobility=120km/h | Error  =Sync loss | StdTag=TS 23.501,"TS 23.501 eMBB QoS tune, URLLC latency hold, mMTC device scale"
31,Throughput=619Mbps | Latency=6ms | Reliability=99.985% | Density=2950devices/km2 | Mobility=79km/h | Error  =Policy miss | StdTag=TS 23.501,"TS 23.501 eMBB QoS tune, URLLC latency hold, mMTC device scale"
32,Throughput=1032Mbps | Latency=8ms | Reliability=99.951% | Density=3200devices/km2 | Mobility=37km/h | Error  =Sync loss | StdTag=TS 23.501,"TS 23.501 eMBB QoS tune, URLLC latency hold, mMTC device scale"
33,Throughput=1059Mbps | Latency=5ms | Reliability=99.991% | Density=2356devices/km2 | Mobility=112km/h | Error  =Low jitter | StdTag=TS 23.501,"TS 23.501 eMBB QoS tune, URLLC latency hold, mMTC device scale"
34,Throughput=500Mbps | Latency=12ms | Reliability=99.991% | Density=3680devices/km2 | Mobility=63km/h | Error  =Policy miss | StdTag=TS 23.501,"TS 23.501 eMBB QoS tune, URLLC latency hold, mMTC device scale"
35,Throughput=983Mbps | Latency=12ms | Reliability=99.952% | Density=2846devices/km2 | Mobility=40km/h | Error  =Policy miss | StdTag=TS 23.501,"TS 23.501 eMBB QoS tune, URLLC latency hold, mMTC device scale"
36,Throughput=775Mbps | Latency=3ms | Reliability=99.969% | Density=3831devices/km2 | Mobility=103km/h | Error  =Scale lag | StdTag=TS 23.501,"TS 23.501 eMBB QoS tune, URLLC latency hold, mMTC device scale"
37,Throughput=1154Mbps | Latency=13ms | Reliability=99.953% | Density=2151devices/km2 | Mobility=80km/h | Error  =Buffer warn | StdTag=TS 23.501,"TS 23.501 eMBB QoS tune, URLLC latency hold, mMTC device scale"
38,Throughput=787Mbps | Latency=10ms | Reliability=99.979% | Density=2123devices/km2 | Mobility=117km/h | Error  =Link drop | StdTag=TS 23.501,"TS 23.501 eMBB QoS tune, URLLC latency hold, mMTC device scale"
39,Throughput=864Mbps | Latency=6ms | Reliability=99.969% | Density=2748devices/km2 | Mobility=31km/h | Error  =Buffer warn | StdTag=TS 23.501,"TS 23.501 eMBB QoS tune, URLLC latency hold, mMTC device scale"
40,Throughput=916Mbps | Latency=13ms | Reliability=99.954% | Density=2407devices/km2 | Mobility=74km/h | Error  =Low jitter | StdTag=TS 23.501,"TS 23.501 eMBB QoS tune, URLLC latency hold, mMTC device scale"
41,Throughput=1149Mbps | Latency=3ms | Reliability=99.995% | Density=3209devices/km2 | Mobility=79km/h | Error  =Policy miss | StdTag=TS 23.501,"TS 23.501 eMBB QoS tune, URLLC latency hold, mMTC device scale"
42,Throughput=760Mbps | Latency=14ms | Reliability=99.972% | Density=3870devices/km2 | Mobility=108km/h | Error  =Timing skew | StdTag=TS 23.501,"TS 23.501 eMBB QoS tune, URLLC latency hold, mMTC device scale"
43,Throughput=617Mbps | Latency=14ms | Reliability=99.996% | Density=3644devices/km2 | Mobility=58km/h | Error  =Policy miss | StdTag=TS 23.501,"TS 23.501 eMBB QoS tune, URLLC latency hold, mMTC device scale"
44,Throughput=626Mbps | Latency=12ms | Reliability=99.971% | Density=3019devices/km2 | Mobility=120km/h | Error  =Minor delay | StdTag=TS 23.501,"TS 23.501 eMBB QoS tune, URLLC latency hold, mMTC device scale"
45,Throughput=819Mbps | Latency=14ms | Reliability=99.979% | Density=2631devices/km2 | Mobility=120km/h | Error  =Low jitter | StdTag=TS 23.501,"TS 23.501 eMBB QoS tune, URLLC latency hold, mMTC device scale"
46,Throughput=714Mbps | Latency=7ms | Reliability=99.972% | Density=3191devices/km2 | Mobility=66km/h | Error  =Minor delay | StdTag=TS 23.501,"TS 23.501 eMBB QoS tune, URLLC latency hold, mMTC device scale"
47,Throughput=948Mbps | Latency=13ms | Reliability=99.963% | Density=3875devices/km2 | Mobility=101km/h | Error  =Scale lag | StdTag=TS 23.501,"TS 23.501 eMBB QoS tune, URLLC latency hold, mMTC device scale"
48,Throughput=691Mbps | Latency=3ms | Reliability=99.975% | Density=3461devices/km2 | Mobility=77km/h | Error  =Buffer warn | StdTag=TS 23.501,"TS 23.501 eMBB QoS tune, URLLC latency hold, mMTC device scale"
49,Throughput=607Mbps | Latency=14ms | Reliability=99.973% | Density=3102devices/km2 | Mobility=78km/h | Error  =Timing skew | StdTag=TS 23.501,"TS 23.501 eMBB QoS tune, URLLC latency hold, mMTC device scale"
50,Throughput=662Mbps | Latency=3ms | Reliability=99.981% | Density=3492devices/km2 | Mobility=83km/h | Error  =QoS drift | StdTag=TS 23.501,"TS 23.501 eMBB QoS tune, URLLC latency hold, mMTC device scale"
51,Throughput=701Mbps | Latency=8ms | Reliability=99.963% | Density=2832devices/km2 | Mobility=116km/h | Error  =Low jitter | StdTag=TS 23.502,"TS 23.502 eMBB session flow, URLLC fast handover, mMTC access sync"
52,Throughput=921Mbps | Latency=6ms | Reliability=99.979% | Density=3830devices/km2 | Mobility=108km/h | Error  =Low jitter | StdTag=TS 23.502,"TS 23.502 eMBB session flow, URLLC fast handover, mMTC access sync"
53,Throughput=1094Mbps | Latency=4ms | Reliability=99.994% | Density=3646devices/km2 | Mobility=52km/h | Error  =Buffer warn | StdTag=TS 23.502,"TS 23.502 eMBB session flow, URLLC fast handover, mMTC access sync"
54,Throughput=1084Mbps | Latency=15ms | Reliability=99.958% | Density=3068devices/km2 | Mobility=42km/h | Error  =Scale lag | StdTag=TS 23.502,"TS 23.502 eMBB session flow, URLLC fast handover, mMTC access sync"
55,Throughput=813Mbps | Latency=13ms | Reliability=99.952% | Density=3895devices/km2 | Mobility=73km/h | Error  =Link drop | StdTag=TS 23.502,"TS 23.502 eMBB session flow, URLLC fast handover, mMTC access sync"
56,Throughput=1007Mbps | Latency=12ms | Reliability=99.992% | Density=3603devices/km2 | Mobility=68km/h | Error  =Minor delay | StdTag=TS 23.502,"TS 23.502 eMBB session flow, URLLC fast handover, mMTC access sync"
57,Throughput=559Mbps | Latency=6ms | Reliability=99.957% | Density=3851devices/km2 | Mobility=120km/h | Error  =Timing skew | StdTag=TS 23.502,"TS 23.502 eMBB session flow, URLLC fast handover, mMTC access sync"
58,Throughput=1093Mbps | Latency=8ms | Reliability=99.958% | Density=3425devices/km2 | Mobility=112km/h | Error  =Scale lag | StdTag=TS 23.502,"TS 23.502 eMBB session flow, URLLC fast handover, mMTC access sync"
59,Throughput=1178Mbps | Latency=3ms | Reliability=99.995% | Density=3455devices/km2 | Mobility=83km/h | Error  =Minor delay | StdTag=TS 23.502,"TS 23.502 eMBB session flow, URLLC fast handover, mMTC access sync"
60,Throughput=932Mbps | Latency=9ms | Reliability=99.998% | Density=2326devices/km2 | Mobility=77km/h | Error  =Timing skew | StdTag=TS 23.502,"TS 23.502 eMBB session flow, URLLC fast handover, mMTC access sync"
61,Throughput=953Mbps | Latency=13ms | Reliability=99.978% | Density=2898devices/km2 | Mobility=84km/h | Error  =Sync loss | StdTag=TS 23.502,"TS 23.502 eMBB session flow, URLLC fast handover, mMTC access sync"
62,Throughput=865Mbps | Latency=3ms | Reliability=99.956% | Density=3766devices/km2 | Mobility=36km/h | Error  =Sync loss | StdTag=TS 23.502,"TS 23.502 eMBB session flow, URLLC fast handover, mMTC access sync"
63,Throughput=886Mbps | Latency=3ms | Reliability=99.994% | Density=3966devices/km2 | Mobility=76km/h | Error  =Link drop | StdTag=TS 23.502,"TS 23.502 eMBB session flow, URLLC fast handover, mMTC access sync"
64,Throughput=1105Mbps | Latency=13ms | Reliability=99.959% | Density=3732devices/km2 | Mobility=98km/h | Error  =Scale lag | StdTag=TS 23.502,"TS 23.502 eMBB session flow, URLLC fast handover, mMTC access sync"
65,Throughput=1041Mbps | Latency=11ms | Reliability=99.951% | Density=3324devices/km2 | Mobility=102km/h | Error  =Radio load | StdTag=TS 23.502,"TS 23.502 eMBB session flow, URLLC fast handover, mMTC access sync"
66,Throughput=744Mbps | Latency=6ms | Reliability=99.958% | Density=3031devices/km2 | Mobility=76km/h | Error  =Sync loss | StdTag=TS 23.502,"TS 23.502 eMBB session flow, URLLC fast handover, mMTC access sync"
67,Throughput=541Mbps | Latency=14ms | Reliability=99.965% | Density=2713devices/km2 | Mobility=110km/h | Error  =Timing skew | StdTag=TS 23.502,"TS 23.502 eMBB session flow, URLLC fast handover, mMTC access sync"
68,Throughput=956Mbps | Latency=7ms | Reliability=99.96% | Density=3265devices/km2 | Mobility=72km/h | Error  =Minor delay | StdTag=TS 23.502,"TS 23.502 eMBB session flow, URLLC fast handover, mMTC access sync"
69,Throughput=861Mbps | Latency=9ms | Reliability=99.986% | Density=2427devices/km2 | Mobility=55km/h | Error  =Link drop | StdTag=TS 23.502,"TS 23.502 eMBB session flow, URLLC fast handover, mMTC access sync"
70,Throughput=726Mbps | Latency=5ms | Reliability=99.99% | Density=3788devices/km2 | Mobility=35km/h | Error  =Buffer warn | StdTag=TS 23.502,"TS 23.502 eMBB session flow, URLLC fast handover, mMTC access sync"
71,Throughput=835Mbps | Latency=9ms | Reliability=99.971% | Density=2583devices/km2 | Mobility=72km/h | Error  =Policy miss | StdTag=TS 23.502,"TS 23.502 eMBB session flow, URLLC fast handover, mMTC access sync"
72,Throughput=1006Mbps | Latency=9ms | Reliability=99.987% | Density=2933devices/km2 | Mobility=101km/h | Error  =Scale lag | StdTag=TS 23.502,"TS 23.502 eMBB session flow, URLLC fast handover, mMTC access sync"
73,Throughput=1100Mbps | Latency=8ms | Reliability=99.986% | Density=2033devices/km2 | Mobility=69km/h | Error  =Link drop | StdTag=TS 23.502,"TS 23.502 eMBB session flow, URLLC fast handover, mMTC access sync"
74,Throughput=1050Mbps | Latency=13ms | Reliability=99.955% | Density=3345devices/km2 | Mobility=108km/h | Error  =Scale lag | StdTag=TS 23.502,"TS 23.502 eMBB session flow, URLLC fast handover, mMTC access sync"
75,Throughput=821Mbps | Latency=6ms | Reliability=99.977% | Density=3686devices/km2 | Mobility=58km/h | Error  =Sync loss | StdTag=TS 23.502,"TS 23.502 eMBB session flow, URLLC fast handover, mMTC access sync"
76,Throughput=834Mbps | Latency=4ms | Reliability=99.973% | Density=2010devices/km2 | Mobility=101km/h | Error  =Scale lag | StdTag=TS 23.502,"TS 23.502 eMBB session flow, URLLC fast handover, mMTC access sync"
77,Throughput=1000Mbps | Latency=15ms | Reliability=99.995% | Density=2028devices/km2 | Mobility=119km/h | Error  =Policy miss | StdTag=TS 23.502,"TS 23.502 eMBB session flow, URLLC fast handover, mMTC access sync"
78,Throughput=830Mbps | Latency=9ms | Reliability=99.98% | Density=3564devices/km2 | Mobility=80km/h | Error  =Link drop | StdTag=TS 23.502,"TS 23.502 eMBB session flow, URLLC fast handover, mMTC access sync"
79,Throughput=566Mbps | Latency=13ms | Reliability=99.982% | Density=2346devices/km2 | Mobility=35km/h | Error  =Policy miss | StdTag=TS 23.502,"TS 23.502 eMBB session flow, URLLC fast handover, mMTC access sync"
80,Throughput=624Mbps | Latency=12ms | Reliability=99.968% | Density=3033devices/km2 | Mobility=51km/h | Error  =QoS drift | StdTag=TS 23.502,"TS 23.502 eMBB session flow, URLLC fast handover, mMTC access sync"
81,Throughput=630Mbps | Latency=12ms | Reliability=99.969% | Density=3412devices/km2 | Mobility=81km/h | Error  =Scale lag | StdTag=TS 23.502,"TS 23.502 eMBB session flow, URLLC fast handover, mMTC access sync"
82,Throughput=1048Mbps | Latency=14ms | Reliability=99.988% | Density=3818devices/km2 | Mobility=119km/h | Error  =Buffer warn | StdTag=TS 23.502,"TS 23.502 eMBB session flow, URLLC fast handover, mMTC access sync"
83,Throughput=941Mbps | Latency=10ms | Reliability=99.961% | Density=3563devices/km2 | Mobility=72km/h | Error  =Buffer warn | StdTag=TS 23.502,"TS 23.502 eMBB session flow, URLLC fast handover, mMTC access sync"
84,Throughput=656Mbps | Latency=11ms | Reliability=99.97% | Density=3041devices/km2 | Mobility=116km/h | Error  =Low jitter | StdTag=TS 23.502,"TS 23.502 eMBB session flow, URLLC fast handover, mMTC access sync"
85,Throughput=663Mbps | Latency=14ms | Reliability=99.971% | Density=2037devices/km2 | Mobility=45km/h | Error  =Timing skew | StdTag=TS 23.502,"TS 23.502 eMBB session flow, URLLC fast handover, mMTC access sync"
86,Throughput=1048Mbps | Latency=7ms | Reliability=99.963% | Density=3063devices/km2 | Mobility=59km/h | Error  =Scale lag | StdTag=TS 23.502,"TS 23.502 eMBB session flow, URLLC fast handover, mMTC access sync"
87,Throughput=929Mbps | Latency=15ms | Reliability=99.977% | Density=2521devices/km2 | Mobility=90km/h | Error  =Low jitter | StdTag=TS 23.502,"TS 23.502 eMBB session flow, URLLC fast handover, mMTC access sync"
88,Throughput=952Mbps | Latency=13ms | Reliability=99.957% | Density=3252devices/km2 | Mobility=74km/h | Error  =Minor delay | StdTag=TS 23.502,"TS 23.502 eMBB session flow, URLLC fast handover, mMTC access sync"
89,Throughput=704Mbps | Latency=11ms | Reliability=99.975% | Density=2846devices/km2 | Mobility=103km/h | Error  =Sync loss | StdTag=TS 23.502,"TS 23.502 eMBB session flow, URLLC fast handover, mMTC access sync"
90,Throughput=1162Mbps | Latency=13ms | Reliability=99.984% | Density=2857devices/km2 | Mobility=84km/h | Error  =Link drop | StdTag=TS 23.502,"TS 23.502 eMBB session flow, URLLC fast handover, mMTC access sync"
91,Throughput=669Mbps | Latency=8ms | Reliability=99.988% | Density=3300devices/km2 | Mobility=89km/h | Error  =Sync loss | StdTag=TS 23.502,"TS 23.502 eMBB session flow, URLLC fast handover, mMTC access sync"
92,Throughput=636Mbps | Latency=5ms | Reliability=99.99% | Density=3238devices/km2 | Mobility=39km/h | Error  =Radio load | StdTag=TS 23.502,"TS 23.502 eMBB session flow, URLLC fast handover, mMTC access sync"
93,Throughput=866Mbps | Latency=11ms | Reliability=99.995% | Density=2023devices/km2 | Mobility=57km/h | Error  =Buffer warn | StdTag=TS 23.502,"TS 23.502 eMBB session flow, URLLC fast handover, mMTC access sync"
94,Throughput=552Mbps | Latency=3ms | Reliability=99.979% | Density=2634devices/km2 | Mobility=67km/h | Error  =Policy miss | StdTag=TS 23.502,"TS 23.502 eMBB session flow, URLLC fast handover, mMTC access sync"
95,Throughput=912Mbps | Latency=11ms | Reliability=99.951% | Density=3517devices/km2 | Mobility=118km/h | Error  =Minor delay | StdTag=TS 23.502,"TS 23.502 eMBB session flow, URLLC fast handover, mMTC access sync"
96,Throughput=620Mbps | Latency=5ms | Reliability=99.995% | Density=2185devices/km2 | Mobility=75km/h | Error  =Radio load | StdTag=TS 23.502,"TS 23.502 eMBB session flow, URLLC fast handover, mMTC access sync"
97,Throughput=781Mbps | Latency=10ms | Reliability=99.965% | Density=2392devices/km2 | Mobility=60km/h | Error  =QoS drift | StdTag=TS 23.502,"TS 23.502 eMBB session flow, URLLC fast handover, mMTC access sync"
98,Throughput=1186Mbps | Latency=7ms | Reliability=99.975% | Density=3892devices/km2 | Mobility=46km/h | Error  =Timing skew | StdTag=TS 23.502,"TS 23.502 eMBB session flow, URLLC fast handover, mMTC access sync"
99,Throughput=1015Mbps | Latency=6ms | Reliability=99.973% | Density=3520devices/km2 | Mobility=43km/h | Error  =Scale lag | StdTag=TS 23.502,"TS 23.502 eMBB session flow, URLLC fast handover, mMTC access sync"
100,Throughput=1071Mbps | Latency=10ms | Reliability=99.953% | Density=3074devices/km2 | Mobility=72km/h | Error  =Timing skew | StdTag=TS 23.502,"TS 23.502 eMBB session flow, URLLC fast handover, mMTC access sync"
101,Throughput=1184Mbps | Latency=3ms | Reliability=99.984% | Density=2952devices/km2 | Mobility=71km/h | Error  =Low jitter | StdTag=TS 23.503,"TS 23.503 eMBB policy apply, URLLC priority path, mMTC load balance"
102,Throughput=1046Mbps | Latency=7ms | Reliability=99.987% | Density=2083devices/km2 | Mobility=112km/h | Error  =Minor delay | StdTag=TS 23.503,"TS 23.503 eMBB policy apply, URLLC priority path, mMTC load balance"
103,Throughput=1073Mbps | Latency=3ms | Reliability=99.997% | Density=2010devices/km2 | Mobility=85km/h | Error  =Scale lag | StdTag=TS 23.503,"TS 23.503 eMBB policy apply, URLLC priority path, mMTC load balance"
104,Throughput=1191Mbps | Latency=5ms | Reliability=99.991% | Density=2694devices/km2 | Mobility=78km/h | Error  =Timing skew | StdTag=TS 23.503,"TS 23.503 eMBB policy apply, URLLC priority path, mMTC load balance"
105,Throughput=746Mbps | Latency=3ms | Reliability=99.987% | Density=2765devices/km2 | Mobility=117km/h | Error  =Scale lag | StdTag=TS 23.503,"TS 23.503 eMBB policy apply, URLLC priority path, mMTC load balance"
106,Throughput=528Mbps | Latency=11ms | Reliability=99.966% | Density=2230devices/km2 | Mobility=92km/h | Error  =Minor delay | StdTag=TS 23.503,"TS 23.503 eMBB policy apply, URLLC priority path, mMTC load balance"
107,Throughput=1135Mbps | Latency=15ms | Reliability=99.954% | Density=3093devices/km2 | Mobility=76km/h | Error  =Scale lag | StdTag=TS 23.503,"TS 23.503 eMBB policy apply, URLLC priority path, mMTC load balance"
108,Throughput=571Mbps | Latency=12ms | Reliability=99.955% | Density=2705devices/km2 | Mobility=108km/h | Error  =Policy miss | StdTag=TS 23.503,"TS 23.503 eMBB policy apply, URLLC priority path, mMTC load balance"
109,Throughput=836Mbps | Latency=4ms | Reliability=99.983% | Density=2714devices/km2 | Mobility=92km/h | Error  =Sync loss | StdTag=TS 23.503,"TS 23.503 eMBB policy apply, URLLC priority path, mMTC load balance"
110,Throughput=1115Mbps | Latency=4ms | Reliability=99.978% | Density=2576devices/km2 | Mobility=31km/h | Error  =QoS drift | StdTag=TS 23.503,"TS 23.503 eMBB policy apply, URLLC priority path, mMTC load balance"
111,Throughput=587Mbps | Latency=13ms | Reliability=99.965% | Density=3705devices/km2 | Mobility=36km/h | Error  =Scale lag | StdTag=TS 23.503,"TS 23.503 eMBB policy apply, URLLC priority path, mMTC load balance"
112,Throughput=1048Mbps | Latency=13ms | Reliability=99.964% | Density=2866devices/km2 | Mobility=79km/h | Error  =QoS drift | StdTag=TS 23.503,"TS 23.503 eMBB policy apply, URLLC priority path, mMTC load balance"
113,Throughput=1104Mbps | Latency=6ms | Reliability=99.989% | Density=2255devices/km2 | Mobility=52km/h | Error  =Timing skew | StdTag=TS 23.503,"TS 23.503 eMBB policy apply, URLLC priority path, mMTC load balance"
114,Throughput=992Mbps | Latency=3ms | Reliability=99.951% | Density=3146devices/km2 | Mobility=100km/h | Error  =Link drop | StdTag=TS 23.503,"TS 23.503 eMBB policy apply, URLLC priority path, mMTC load balance"
115,Throughput=640Mbps | Latency=9ms | Reliability=99.969% | Density=3329devices/km2 | Mobility=93km/h | Error  =Minor delay | StdTag=TS 23.503,"TS 23.503 eMBB policy apply, URLLC priority path, mMTC load balance"
116,Throughput=1154Mbps | Latency=4ms | Reliability=99.96% | Density=3992devices/km2 | Mobility=84km/h | Error  =Timing skew | StdTag=TS 23.503,"TS 23.503 eMBB policy apply, URLLC priority path, mMTC load balance"
117,Throughput=604Mbps | Latency=6ms | Reliability=99.972% | Density=3943devices/km2 | Mobility=118km/h | Error  =Link drop | StdTag=TS 23.503,"TS 23.503 eMBB policy apply, URLLC priority path, mMTC load balance"
118,Throughput=519Mbps | Latency=9ms | Reliability=99.992% | Density=2947devices/km2 | Mobility=49km/h | Error  =QoS drift | StdTag=TS 23.503,"TS 23.503 eMBB policy apply, URLLC priority path, mMTC load balance"
119,Throughput=749Mbps | Latency=14ms | Reliability=99.997% | Density=3474devices/km2 | Mobility=67km/h | Error  =Scale lag | StdTag=TS 23.503,"TS 23.503 eMBB policy apply, URLLC priority path, mMTC load balance"
120,Throughput=543Mbps | Latency=14ms | Reliability=99.953% | Density=2660devices/km2 | Mobility=96km/h | Error  =Radio load | StdTag=TS 23.503,"TS 23.503 eMBB policy apply, URLLC priority path, mMTC load balance"
121,Throughput=539Mbps | Latency=13ms | Reliability=99.979% | Density=3993devices/km2 | Mobility=95km/h | Error  =Timing skew | StdTag=TS 23.503,"TS 23.503 eMBB policy apply, URLLC priority path, mMTC load balance"
122,Throughput=809Mbps | Latency=13ms | Reliability=99.966% | Density=3265devices/km2 | Mobility=96km/h | Error  =Buffer warn | StdTag=TS 23.503,"TS 23.503 eMBB policy apply, URLLC priority path, mMTC load balance"
123,Throughput=1073Mbps | Latency=6ms | Reliability=99.967% | Density=2866devices/km2 | Mobility=64km/h | Error  =Link drop | StdTag=TS 23.503,"TS 23.503 eMBB policy apply, URLLC priority path, mMTC load balance"
124,Throughput=939Mbps | Latency=11ms | Reliability=99.951% | Density=3584devices/km2 | Mobility=78km/h | Error  =Radio load | StdTag=TS 23.503,"TS 23.503 eMBB policy apply, URLLC priority path, mMTC load balance"
125,Throughput=1087Mbps | Latency=9ms | Reliability=99.955% | Density=2838devices/km2 | Mobility=63km/h | Error  =QoS drift | StdTag=TS 23.503,"TS 23.503 eMBB policy apply, URLLC priority path, mMTC load balance"
126,Throughput=1131Mbps | Latency=15ms | Reliability=99.982% | Density=3384devices/km2 | Mobility=102km/h | Error  =Low jitter | StdTag=TS 23.503,"TS 23.503 eMBB policy apply, URLLC priority path, mMTC load balance"
127,Throughput=856Mbps | Latency=8ms | Reliability=99.966% | Density=2872devices/km2 | Mobility=92km/h | Error  =Radio load | StdTag=TS 23.503,"TS 23.503 eMBB policy apply, URLLC priority path, mMTC load balance"
128,Throughput=1184Mbps | Latency=8ms | Reliability=99.961% | Density=2704devices/km2 | Mobility=115km/h | Error  =QoS drift | StdTag=TS 23.503,"TS 23.503 eMBB policy apply, URLLC priority path, mMTC load balance"
129,Throughput=904Mbps | Latency=11ms | Reliability=99.975% | Density=2998devices/km2 | Mobility=75km/h | Error  =Low jitter | StdTag=TS 23.503,"TS 23.503 eMBB policy apply, URLLC priority path, mMTC load balance"
130,Throughput=964Mbps | Latency=3ms | Reliability=99.991% | Density=2063devices/km2 | Mobility=51km/h | Error  =Scale lag | StdTag=TS 23.503,"TS 23.503 eMBB policy apply, URLLC priority path, mMTC load balance"
131,Throughput=816Mbps | Latency=4ms | Reliability=99.951% | Density=3776devices/km2 | Mobility=92km/h | Error  =QoS drift | StdTag=TS 23.503,"TS 23.503 eMBB policy apply, URLLC priority path, mMTC load balance"
132,Throughput=807Mbps | Latency=8ms | Reliability=99.968% | Density=2614devices/km2 | Mobility=92km/h | Error  =QoS drift | StdTag=TS 23.503,"TS 23.503 eMBB policy apply, URLLC priority path, mMTC load balance"
133,Throughput=919Mbps | Latency=15ms | Reliability=99.961% | Density=2944devices/km2 | Mobility=49km/h | Error  =Policy miss | StdTag=TS 23.503,"TS 23.503 eMBB policy apply, URLLC priority path, mMTC load balance"
134,Throughput=1104Mbps | Latency=9ms | Reliability=99.997% | Density=2616devices/km2 | Mobility=100km/h | Error  =Timing skew | StdTag=TS 23.503,"TS 23.503 eMBB policy apply, URLLC priority path, mMTC load balance"
135,Throughput=706Mbps | Latency=14ms | Reliability=99.989% | Density=2727devices/km2 | Mobility=48km/h | Error  =Buffer warn | StdTag=TS 23.503,"TS 23.503 eMBB policy apply, URLLC priority path, mMTC load balance"
136,Throughput=671Mbps | Latency=13ms | Reliability=99.979% | Density=2060devices/km2 | Mobility=75km/h | Error  =Link drop | StdTag=TS 23.503,"TS 23.503 eMBB policy apply, URLLC priority path, mMTC load balance"
137,Throughput=720Mbps | Latency=13ms | Reliability=99.99% | Density=2906devices/km2 | Mobility=100km/h | Error  =QoS drift | StdTag=TS 23.503,"TS 23.503 eMBB policy apply, URLLC priority path, mMTC load balance"
138,Throughput=1105Mbps | Latency=12ms | Reliability=99.959% | Density=2419devices/km2 | Mobility=75km/h | Error  =Buffer warn | StdTag=TS 23.503,"TS 23.503 eMBB policy apply, URLLC priority path, mMTC load balance"
139,Throughput=814Mbps | Latency=11ms | Reliability=99.962% | Density=3211devices/km2 | Mobility=118km/h | Error  =Timing skew | StdTag=TS 23.503,"TS 23.503 eMBB policy apply, URLLC priority path, mMTC load balance"
140,Throughput=1090Mbps | Latency=15ms | Reliability=99.953% | Density=3515devices/km2 | Mobility=31km/h | Error  =Buffer warn | StdTag=TS 23.503,"TS 23.503 eMBB policy apply, URLLC priority path, mMTC load balance"
141,Throughput=726Mbps | Latency=15ms | Reliability=99.959% | Density=3595devices/km2 | Mobility=118km/h | Error  =QoS drift | StdTag=TS 23.503,"TS 23.503 eMBB policy apply, URLLC priority path, mMTC load balance"
142,Throughput=681Mbps | Latency=14ms | Reliability=99.97% | Density=3626devices/km2 | Mobility=77km/h | Error  =QoS drift | StdTag=TS 23.503,"TS 23.503 eMBB policy apply, URLLC priority path, mMTC load balance"
143,Throughput=510Mbps | Latency=5ms | Reliability=99.952% | Density=3793devices/km2 | Mobility=101km/h | Error  =Buffer warn | StdTag=TS 23.503,"TS 23.503 eMBB policy apply, URLLC priority path, mMTC load balance"
144,Throughput=580Mbps | Latency=15ms | Reliability=99.964% | Density=2804devices/km2 | Mobility=100km/h | Error  =Buffer warn | StdTag=TS 23.503,"TS 23.503 eMBB policy apply, URLLC priority path, mMTC load balance"
145,Throughput=1194Mbps | Latency=7ms | Reliability=99.987% | Density=2411devices/km2 | Mobility=109km/h | Error  =QoS drift | StdTag=TS 23.503,"TS 23.503 eMBB policy apply, URLLC priority path, mMTC load balance"
146,Throughput=727Mbps | Latency=11ms | Reliability=99.959% | Density=3070devices/km2 | Mobility=45km/h | Error  =Radio load | StdTag=TS 23.503,"TS 23.503 eMBB policy apply, URLLC priority path, mMTC load balance"
147,Throughput=758Mbps | Latency=7ms | Reliability=99.951% | Density=3986devices/km2 | Mobility=72km/h | Error  =Scale lag | StdTag=TS 23.503,"TS 23.503 eMBB policy apply, URLLC priority path, mMTC load balance"
148,Throughput=1144Mbps | Latency=9ms | Reliability=99.971% | Density=3261devices/km2 | Mobility=68km/h | Error  =Sync loss | StdTag=TS 23.503,"TS 23.503 eMBB policy apply, URLLC priority path, mMTC load balance"
149,Throughput=776Mbps | Latency=7ms | Reliability=99.961% | Density=3109devices/km2 | Mobility=119km/h | Error  =Policy miss | StdTag=TS 23.503,"TS 23.503 eMBB policy apply, URLLC priority path, mMTC load balance"
150,Throughput=1041Mbps | Latency=15ms | Reliability=99.972% | Density=3914devices/km2 | Mobility=81km/h | Error  =Buffer warn | StdTag=TS 23.503,"TS 23.503 eMBB policy apply, URLLC priority path, mMTC load balance"
151,Throughput=931Mbps | Latency=11ms | Reliability=99.96% | Density=2135devices/km2 | Mobility=104km/h | Error  =Link drop | StdTag=TS 28.530,"TS 28.530 eMBB resource scale, URLLC service monitor, mMTC lifecycle track"
152,Throughput=813Mbps | Latency=4ms | Reliability=99.99% | Density=3543devices/km2 | Mobility=50km/h | Error  =Minor delay | StdTag=TS 28.530,"TS 28.530 eMBB resource scale, URLLC service monitor, mMTC lifecycle track"
153,Throughput=712Mbps | Latency=14ms | Reliability=99.985% | Density=3147devices/km2 | Mobility=73km/h | Error  =Low jitter | StdTag=TS 28.530,"TS 28.530 eMBB resource scale, URLLC service monitor, mMTC lifecycle track"
154,Throughput=951Mbps | Latency=8ms | Reliability=99.951% | Density=3202devices/km2 | Mobility=109km/h | Error  =Minor delay | StdTag=TS 28.530,"TS 28.530 eMBB resource scale, URLLC service monitor, mMTC lifecycle track"
155,Throughput=695Mbps | Latency=13ms | Reliability=99.987% | Density=3193devices/km2 | Mobility=100km/h | Error  =Policy miss | StdTag=TS 28.530,"TS 28.530 eMBB resource scale, URLLC service monitor, mMTC lifecycle track"
156,Throughput=645Mbps | Latency=14ms | Reliability=99.953% | Density=3304devices/km2 | Mobility=86km/h | Error  =Buffer warn | StdTag=TS 28.530,"TS 28.530 eMBB resource scale, URLLC service monitor, mMTC lifecycle track"
157,Throughput=817Mbps | Latency=9ms | Reliability=99.98% | Density=3091devices/km2 | Mobility=94km/h | Error  =QoS drift | StdTag=TS 28.530,"TS 28.530 eMBB resource scale, URLLC service monitor, mMTC lifecycle track"
158,Throughput=1060Mbps | Latency=7ms | Reliability=99.952% | Density=2368devices/km2 | Mobility=112km/h | Error  =Minor delay | StdTag=TS 28.530,"TS 28.530 eMBB resource scale, URLLC service monitor, mMTC lifecycle track"
159,Throughput=577Mbps | Latency=10ms | Reliability=99.965% | Density=2268devices/km2 | Mobility=63km/h | Error  =Low jitter | StdTag=TS 28.530,"TS 28.530 eMBB resource scale, URLLC service monitor, mMTC lifecycle track"
160,Throughput=706Mbps | Latency=13ms | Reliability=99.955% | Density=3150devices/km2 | Mobility=84km/h | Error  =QoS drift | StdTag=TS 28.530,"TS 28.530 eMBB resource scale, URLLC service monitor, mMTC lifecycle track"
161,Throughput=999Mbps | Latency=9ms | Reliability=99.98% | Density=2164devices/km2 | Mobility=67km/h | Error  =Radio load | StdTag=TS 28.530,"TS 28.530 eMBB resource scale, URLLC service monitor, mMTC lifecycle track"
162,Throughput=995Mbps | Latency=9ms | Reliability=99.989% | Density=3030devices/km2 | Mobility=88km/h | Error  =Timing skew | StdTag=TS 28.530,"TS 28.530 eMBB resource scale, URLLC service monitor, mMTC lifecycle track"
163,Throughput=1089Mbps | Latency=9ms | Reliability=99.974% | Density=3224devices/km2 | Mobility=77km/h | Error  =Buffer warn | StdTag=TS 28.530,"TS 28.530 eMBB resource scale, URLLC service monitor, mMTC lifecycle track"
164,Throughput=560Mbps | Latency=7ms | Reliability=99.974% | Density=3731devices/km2 | Mobility=74km/h | Error  =Link drop | StdTag=TS 28.530,"TS 28.530 eMBB resource scale, URLLC service monitor, mMTC lifecycle track"
165,Throughput=897Mbps | Latency=13ms | Reliability=99.951% | Density=2300devices/km2 | Mobility=120km/h | Error  =Buffer warn | StdTag=TS 28.530,"TS 28.530 eMBB resource scale, URLLC service monitor, mMTC lifecycle track"
166,Throughput=1169Mbps | Latency=9ms | Reliability=99.981% | Density=3557devices/km2 | Mobility=55km/h | Error  =Sync loss | StdTag=TS 28.530,"TS 28.530 eMBB resource scale, URLLC service monitor, mMTC lifecycle track"
167,Throughput=977Mbps | Latency=14ms | Reliability=99.995% | Density=2609devices/km2 | Mobility=111km/h | Error  =Link drop | StdTag=TS 28.530,"TS 28.530 eMBB resource scale, URLLC service monitor, mMTC lifecycle track"
168,Throughput=1193Mbps | Latency=5ms | Reliability=99.954% | Density=3851devices/km2 | Mobility=116km/h | Error  =Scale lag | StdTag=TS 28.530,"TS 28.530 eMBB resource scale, URLLC service monitor, mMTC lifecycle track"
169,Throughput=1001Mbps | Latency=13ms | Reliability=99.977% | Density=3489devices/km2 | Mobility=58km/h | Error  =Timing skew | StdTag=TS 28.530,"TS 28.530 eMBB resource scale, URLLC service monitor, mMTC lifecycle track"
170,Throughput=1094Mbps | Latency=9ms | Reliability=99.97% | Density=2898devices/km2 | Mobility=52km/h | Error  =Buffer warn | StdTag=TS 28.530,"TS 28.530 eMBB resource scale, URLLC service monitor, mMTC lifecycle track"
171,Throughput=1058Mbps | Latency=9ms | Reliability=99.977% | Density=3621devices/km2 | Mobility=117km/h | Error  =Scale lag | StdTag=TS 28.530,"TS 28.530 eMBB resource scale, URLLC service monitor, mMTC lifecycle track"
172,Throughput=555Mbps | Latency=8ms | Reliability=99.964% | Density=2697devices/km2 | Mobility=80km/h | Error  =Link drop | StdTag=TS 28.530,"TS 28.530 eMBB resource scale, URLLC service monitor, mMTC lifecycle track"
173,Throughput=851Mbps | Latency=6ms | Reliability=99.962% | Density=2674devices/km2 | Mobility=65km/h | Error  =Timing skew | StdTag=TS 28.530,"TS 28.530 eMBB resource scale, URLLC service monitor, mMTC lifecycle track"
174,Throughput=790Mbps | Latency=14ms | Reliability=99.957% | Density=3941devices/km2 | Mobility=80km/h | Error  =QoS drift | StdTag=TS 28.530,"TS 28.530 eMBB resource scale, URLLC service monitor, mMTC lifecycle track"
175,Throughput=637Mbps | Latency=4ms | Reliability=99.996% | Density=2444devices/km2 | Mobility=97km/h | Error  =Policy miss | StdTag=TS 28.530,"TS 28.530 eMBB resource scale, URLLC service monitor, mMTC lifecycle track"
176,Throughput=703Mbps | Latency=12ms | Reliability=99.98% | Density=2734devices/km2 | Mobility=95km/h | Error  =Timing skew | StdTag=TS 28.530,"TS 28.530 eMBB resource scale, URLLC service monitor, mMTC lifecycle track"
177,Throughput=1125Mbps | Latency=8ms | Reliability=99.972% | Density=3621devices/km2 | Mobility=56km/h | Error  =Link drop | StdTag=TS 28.530,"TS 28.530 eMBB resource scale, URLLC service monitor, mMTC lifecycle track"
178,Throughput=702Mbps | Latency=7ms | Reliability=99.952% | Density=3209devices/km2 | Mobility=86km/h | Error  =Radio load | StdTag=TS 28.530,"TS 28.530 eMBB resource scale, URLLC service monitor, mMTC lifecycle track"
179,Throughput=1089Mbps | Latency=11ms | Reliability=99.984% | Density=3322devices/km2 | Mobility=49km/h | Error  =Low jitter | StdTag=TS 28.530,"TS 28.530 eMBB resource scale, URLLC service monitor, mMTC lifecycle track"
180,Throughput=817Mbps | Latency=6ms | Reliability=99.95% | Density=3540devices/km2 | Mobility=84km/h | Error  =Timing skew | StdTag=TS 28.530,"TS 28.530 eMBB resource scale, URLLC service monitor, mMTC lifecycle track"
181,Throughput=858Mbps | Latency=12ms | Reliability=99.959% | Density=3907devices/km2 | Mobility=107km/h | Error  =Low jitter | StdTag=TS 28.530,"TS 28.530 eMBB resource scale, URLLC service monitor, mMTC lifecycle track"
182,Throughput=1150Mbps | Latency=6ms | Reliability=99.967% | Density=2041devices/km2 | Mobility=102km/h | Error  =Low jitter | StdTag=TS 28.530,"TS 28.530 eMBB resource scale, URLLC service monitor, mMTC lifecycle track"
183,Throughput=1153Mbps | Latency=3ms | Reliability=99.951% | Density=3417devices/km2 | Mobility=41km/h | Error  =Sync loss | StdTag=TS 28.530,"TS 28.530 eMBB resource scale, URLLC service monitor, mMTC lifecycle track"
184,Throughput=756Mbps | Latency=12ms | Reliability=99.964% | Density=3971devices/km2 | Mobility=54km/h | Error  =Timing skew | StdTag=TS 28.530,"TS 28.530 eMBB resource scale, URLLC service monitor, mMTC lifecycle track"
185,Throughput=502Mbps | Latency=12ms | Reliability=99.982% | Density=2566devices/km2 | Mobility=33km/h | Error  =QoS drift | StdTag=TS 28.530,"TS 28.530 eMBB resource scale, URLLC service monitor, mMTC lifecycle track"
186,Throughput=880Mbps | Latency=11ms | Reliability=99.964% | Density=2698devices/km2 | Mobility=111km/h | Error  =QoS drift | StdTag=TS 28.530,"TS 28.530 eMBB resource scale, URLLC service monitor, mMTC lifecycle track"
187,Throughput=904Mbps | Latency=6ms | Reliability=99.996% | Density=2239devices/km2 | Mobility=74km/h | Error  =Buffer warn | StdTag=TS 28.530,"TS 28.530 eMBB resource scale, URLLC service monitor, mMTC lifecycle track"
188,Throughput=1024Mbps | Latency=7ms | Reliability=99.976% | Density=3378devices/km2 | Mobility=84km/h | Error  =Minor delay | StdTag=TS 28.530,"TS 28.530 eMBB resource scale, URLLC service monitor, mMTC lifecycle track"
189,Throughput=956Mbps | Latency=12ms | Reliability=99.978% | Density=3848devices/km2 | Mobility=55km/h | Error  =Policy miss | StdTag=TS 28.530,"TS 28.530 eMBB resource scale, URLLC service monitor, mMTC lifecycle track"
190,Throughput=1082Mbps | Latency=13ms | Reliability=99.953% | Density=3946devices/km2 | Mobility=40km/h | Error  =QoS drift | StdTag=TS 28.530,"TS 28.530 eMBB resource scale, URLLC service monitor, mMTC lifecycle track"
191,Throughput=806Mbps | Latency=5ms | Reliability=99.952% | Density=2138devices/km2 | Mobility=37km/h | Error  =Timing skew | StdTag=TS 28.530,"TS 28.530 eMBB resource scale, URLLC service monitor, mMTC lifecycle track"
192,Throughput=861Mbps | Latency=5ms | Reliability=99.963% | Density=3396devices/km2 | Mobility=91km/h | Error  =Policy miss | StdTag=TS 28.530,"TS 28.530 eMBB resource scale, URLLC service monitor, mMTC lifecycle track"
193,Throughput=827Mbps | Latency=7ms | Reliability=99.955% | Density=3066devices/km2 | Mobility=43km/h | Error  =Scale lag | StdTag=TS 28.530,"TS 28.530 eMBB resource scale, URLLC service monitor, mMTC lifecycle track"
194,Throughput=903Mbps | Latency=10ms | Reliability=99.971% | Density=3522devices/km2 | Mobility=80km/h | Error  =Sync loss | StdTag=TS 28.530,"TS 28.530 eMBB resource scale, URLLC service monitor, mMTC lifecycle track"
195,Throughput=744Mbps | Latency=11ms | Reliability=99.971% | Density=2083devices/km2 | Mobility=53km/h | Error  =Policy miss | StdTag=TS 28.530,"TS 28.530 eMBB resource scale, URLLC service monitor, mMTC lifecycle track"
196,Throughput=929Mbps | Latency=10ms | Reliability=99.953% | Density=3878devices/km2 | Mobility=106km/h | Error  =Timing skew | StdTag=TS 28.530,"TS 28.530 eMBB resource scale, URLLC service monitor, mMTC lifecycle track"
197,Throughput=655Mbps | Latency=14ms | Reliability=99.992% | Density=3914devices/km2 | Mobility=39km/h | Error  =Low jitter | StdTag=TS 28.530,"TS 28.530 eMBB resource scale, URLLC service monitor, mMTC lifecycle track"
198,Throughput=510Mbps | Latency=15ms | Reliability=99.952% | Density=2418devices/km2 | Mobility=112km/h | Error  =Sync loss | StdTag=TS 28.530,"TS 28.530 eMBB resource scale, URLLC service monitor, mMTC lifecycle track"
199,Throughput=902Mbps | Latency=10ms | Reliability=99.952% | Density=2923devices/km2 | Mobility=102km/h | Error  =Radio load | StdTag=TS 28.530,"TS 28.530 eMBB resource scale, URLLC service monitor, mMTC lifecycle track"
200,Throughput=766Mbps | Latency=12ms | Reliability=99.965% | Density=2595devices/km2 | Mobility=58km/h | Error  =Low jitter | StdTag=TS 28.530,"TS 28.530 eMBB resource scale, URLLC service monitor, mMTC lifecycle track"
201,Throughput=948Mbps | Latency=13ms | Reliability=99.987% | Density=3481devices/km2 | Mobility=37km/h | Error  =Link drop | StdTag=TS 28.541,"TS 28.541 eMBB resource map, URLLC relation link, mMTC topology sync"
202,Throughput=988Mbps | Latency=5ms | Reliability=99.99% | Density=3323devices/km2 | Mobility=47km/h | Error  =Buffer warn | StdTag=TS 28.541,"TS 28.541 eMBB resource map, URLLC relation link, mMTC topology sync"
203,Throughput=516Mbps | Latency=11ms | Reliability=99.985% | Density=2418devices/km2 | Mobility=58km/h | Error  =Policy miss | StdTag=TS 28.541,"TS 28.541 eMBB resource map, URLLC relation link, mMTC topology sync"
204,Throughput=1136Mbps | Latency=9ms | Reliability=99.99% | Density=2955devices/km2 | Mobility=90km/h | Error  =Minor delay | StdTag=TS 28.541,"TS 28.541 eMBB resource map, URLLC relation link, mMTC topology sync"
205,Throughput=938Mbps | Latency=14ms | Reliability=99.979% | Density=2995devices/km2 | Mobility=116km/h | Error  =Scale lag | StdTag=TS 28.541,"TS 28.541 eMBB resource map, URLLC relation link, mMTC topology sync"
206,Throughput=922Mbps | Latency=8ms | Reliability=99.977% | Density=2127devices/km2 | Mobility=38km/h | Error  =Policy miss | StdTag=TS 28.541,"TS 28.541 eMBB resource map, URLLC relation link, mMTC topology sync"
207,Throughput=708Mbps | Latency=10ms | Reliability=99.99% | Density=2862devices/km2 | Mobility=32km/h | Error  =Policy miss | StdTag=TS 28.541,"TS 28.541 eMBB resource map, URLLC relation link, mMTC topology sync"
208,Throughput=1090Mbps | Latency=13ms | Reliability=99.991% | Density=2365devices/km2 | Mobility=97km/h | Error  =Minor delay | StdTag=TS 28.541,"TS 28.541 eMBB resource map, URLLC relation link, mMTC topology sync"
209,Throughput=897Mbps | Latency=15ms | Reliability=99.971% | Density=2293devices/km2 | Mobility=110km/h | Error  =Policy miss | StdTag=TS 28.541,"TS 28.541 eMBB resource map, URLLC relation link, mMTC topology sync"
210,Throughput=565Mbps | Latency=7ms | Reliability=99.955% | Density=2053devices/km2 | Mobility=32km/h | Error  =Low jitter | StdTag=TS 28.541,"TS 28.541 eMBB resource map, URLLC relation link, mMTC topology sync"
211,Throughput=810Mbps | Latency=11ms | Reliability=99.966% | Density=2474devices/km2 | Mobility=46km/h | Error  =Minor delay | StdTag=TS 28.541,"TS 28.541 eMBB resource map, URLLC relation link, mMTC topology sync"
212,Throughput=703Mbps | Latency=11ms | Reliability=99.988% | Density=3329devices/km2 | Mobility=57km/h | Error  =QoS drift | StdTag=TS 28.541,"TS 28.541 eMBB resource map, URLLC relation link, mMTC topology sync"
213,Throughput=532Mbps | Latency=6ms | Reliability=99.959% | Density=2478devices/km2 | Mobility=34km/h | Error  =Link drop | StdTag=TS 28.541,"TS 28.541 eMBB resource map, URLLC relation link, mMTC topology sync"
214,Throughput=606Mbps | Latency=3ms | Reliability=99.988% | Density=2889devices/km2 | Mobility=115km/h | Error  =Radio load | StdTag=TS 28.541,"TS 28.541 eMBB resource map, URLLC relation link, mMTC topology sync"
215,Throughput=831Mbps | Latency=14ms | Reliability=99.983% | Density=2166devices/km2 | Mobility=94km/h | Error  =Link drop | StdTag=TS 28.541,"TS 28.541 eMBB resource map, URLLC relation link, mMTC topology sync"
216,Throughput=1097Mbps | Latency=4ms | Reliability=99.978% | Density=3974devices/km2 | Mobility=86km/h | Error  =Sync loss | StdTag=TS 28.541,"TS 28.541 eMBB resource map, URLLC relation link, mMTC topology sync"
217,Throughput=1044Mbps | Latency=4ms | Reliability=99.957% | Density=2684devices/km2 | Mobility=96km/h | Error  =QoS drift | StdTag=TS 28.541,"TS 28.541 eMBB resource map, URLLC relation link, mMTC topology sync"
218,Throughput=1046Mbps | Latency=14ms | Reliability=99.954% | Density=2932devices/km2 | Mobility=116km/h | Error  =Minor delay | StdTag=TS 28.541,"TS 28.541 eMBB resource map, URLLC relation link, mMTC topology sync"
219,Throughput=1154Mbps | Latency=10ms | Reliability=99.957% | Density=3071devices/km2 | Mobility=89km/h | Error  =Scale lag | StdTag=TS 28.541,"TS 28.541 eMBB resource map, URLLC relation link, mMTC topology sync"
220,Throughput=819Mbps | Latency=7ms | Reliability=99.981% | Density=3732devices/km2 | Mobility=91km/h | Error  =Sync loss | StdTag=TS 28.541,"TS 28.541 eMBB resource map, URLLC relation link, mMTC topology sync"
221,Throughput=983Mbps | Latency=14ms | Reliability=99.992% | Density=2030devices/km2 | Mobility=100km/h | Error  =Link drop | StdTag=TS 28.541,"TS 28.541 eMBB resource map, URLLC relation link, mMTC topology sync"
222,Throughput=863Mbps | Latency=9ms | Reliability=99.974% | Density=3537devices/km2 | Mobility=49km/h | Error  =Radio load | StdTag=TS 28.541,"TS 28.541 eMBB resource map, URLLC relation link, mMTC topology sync"
223,Throughput=506Mbps | Latency=3ms | Reliability=99.969% | Density=2727devices/km2 | Mobility=80km/h | Error  =Sync loss | StdTag=TS 28.541,"TS 28.541 eMBB resource map, URLLC relation link, mMTC topology sync"
224,Throughput=732Mbps | Latency=5ms | Reliability=99.956% | Density=3857devices/km2 | Mobility=62km/h | Error  =Buffer warn | StdTag=TS 28.541,"TS 28.541 eMBB resource map, URLLC relation link, mMTC topology sync"
225,Throughput=804Mbps | Latency=12ms | Reliability=99.994% | Density=2349devices/km2 | Mobility=59km/h | Error  =Radio load | StdTag=TS 28.541,"TS 28.541 eMBB resource map, URLLC relation link, mMTC topology sync"
226,Throughput=933Mbps | Latency=4ms | Reliability=99.981% | Density=2912devices/km2 | Mobility=95km/h | Error  =Radio load | StdTag=TS 28.541,"TS 28.541 eMBB resource map, URLLC relation link, mMTC topology sync"
227,Throughput=1084Mbps | Latency=13ms | Reliability=99.951% | Density=3066devices/km2 | Mobility=50km/h | Error  =Timing skew | StdTag=TS 28.541,"TS 28.541 eMBB resource map, URLLC relation link, mMTC topology sync"
228,Throughput=990Mbps | Latency=9ms | Reliability=99.998% | Density=2479devices/km2 | Mobility=109km/h | Error  =Scale lag | StdTag=TS 28.541,"TS 28.541 eMBB resource map, URLLC relation link, mMTC topology sync"
229,Throughput=1056Mbps | Latency=14ms | Reliability=99.957% | Density=2393devices/km2 | Mobility=81km/h | Error  =Sync loss | StdTag=TS 28.541,"TS 28.541 eMBB resource map, URLLC relation link, mMTC topology sync"
230,Throughput=1162Mbps | Latency=6ms | Reliability=99.955% | Density=3183devices/km2 | Mobility=56km/h | Error  =Low jitter | StdTag=TS 28.541,"TS 28.541 eMBB resource map, URLLC relation link, mMTC topology sync"
231,Throughput=997Mbps | Latency=12ms | Reliability=99.992% | Density=2367devices/km2 | Mobility=57km/h | Error  =Low jitter | StdTag=TS 28.541,"TS 28.541 eMBB resource map, URLLC relation link, mMTC topology sync"
232,Throughput=618Mbps | Latency=12ms | Reliability=99.952% | Density=2121devices/km2 | Mobility=107km/h | Error  =Sync loss | StdTag=TS 28.541,"TS 28.541 eMBB resource map, URLLC relation link, mMTC topology sync"
233,Throughput=1018Mbps | Latency=7ms | Reliability=99.968% | Density=3375devices/km2 | Mobility=63km/h | Error  =Buffer warn | StdTag=TS 28.541,"TS 28.541 eMBB resource map, URLLC relation link, mMTC topology sync"
234,Throughput=769Mbps | Latency=13ms | Reliability=99.994% | Density=3047devices/km2 | Mobility=85km/h | Error  =Minor delay | StdTag=TS 28.541,"TS 28.541 eMBB resource map, URLLC relation link, mMTC topology sync"
235,Throughput=1022Mbps | Latency=9ms | Reliability=99.996% | Density=2933devices/km2 | Mobility=92km/h | Error  =Policy miss | StdTag=TS 28.541,"TS 28.541 eMBB resource map, URLLC relation link, mMTC topology sync"
236,Throughput=645Mbps | Latency=13ms | Reliability=99.964% | Density=2640devices/km2 | Mobility=83km/h | Error  =Link drop | StdTag=TS 28.541,"TS 28.541 eMBB resource map, URLLC relation link, mMTC topology sync"
237,Throughput=1181Mbps | Latency=9ms | Reliability=99.966% | Density=2289devices/km2 | Mobility=64km/h | Error  =Buffer warn | StdTag=TS 28.541,"TS 28.541 eMBB resource map, URLLC relation link, mMTC topology sync"
238,Throughput=726Mbps | Latency=5ms | Reliability=99.985% | Density=3968devices/km2 | Mobility=61km/h | Error  =Minor delay | StdTag=TS 28.541,"TS 28.541 eMBB resource map, URLLC relation link, mMTC topology sync"
239,Throughput=642Mbps | Latency=14ms | Reliability=99.983% | Density=2171devices/km2 | Mobility=66km/h | Error  =Low jitter | StdTag=TS 28.541,"TS 28.541 eMBB resource map, URLLC relation link, mMTC topology sync"
240,Throughput=553Mbps | Latency=3ms | Reliability=99.965% | Density=2496devices/km2 | Mobility=70km/h | Error  =Buffer warn | StdTag=TS 28.541,"TS 28.541 eMBB resource map, URLLC relation link, mMTC topology sync"
241,Throughput=858Mbps | Latency=3ms | Reliability=99.992% | Density=2438devices/km2 | Mobility=61km/h | Error  =Sync loss | StdTag=TS 28.541,"TS 28.541 eMBB resource map, URLLC relation link, mMTC topology sync"
242,Throughput=669Mbps | Latency=15ms | Reliability=99.96% | Density=3767devices/km2 | Mobility=83km/h | Error  =Minor delay | StdTag=TS 28.541,"TS 28.541 eMBB resource map, URLLC relation link, mMTC topology sync"
243,Throughput=1078Mbps | Latency=14ms | Reliability=99.974% | Density=3132devices/km2 | Mobility=33km/h | Error  =Timing skew | StdTag=TS 28.541,"TS 28.541 eMBB resource map, URLLC relation link, mMTC topology sync"
244,Throughput=1114Mbps | Latency=8ms | Reliability=99.968% | Density=3076devices/km2 | Mobility=73km/h | Error  =Buffer warn | StdTag=TS 28.541,"TS 28.541 eMBB resource map, URLLC relation link, mMTC topology sync"
245,Throughput=523Mbps | Latency=5ms | Reliability=99.994% | Density=3404devices/km2 | Mobility=93km/h | Error  =Policy miss | StdTag=TS 28.541,"TS 28.541 eMBB resource map, URLLC relation link, mMTC topology sync"
246,Throughput=1182Mbps | Latency=15ms | Reliability=99.988% | Density=2713devices/km2 | Mobility=57km/h | Error  =Link drop | StdTag=TS 28.541,"TS 28.541 eMBB resource map, URLLC relation link, mMTC topology sync"
247,Throughput=815Mbps | Latency=7ms | Reliability=99.992% | Density=3853devices/km2 | Mobility=77km/h | Error  =Timing skew | StdTag=TS 28.541,"TS 28.541 eMBB resource map, URLLC relation link, mMTC topology sync"
248,Throughput=841Mbps | Latency=6ms | Reliability=99.988% | Density=3521devices/km2 | Mobility=55km/h | Error  =Low jitter | StdTag=TS 28.541,"TS 28.541 eMBB resource map, URLLC relation link, mMTC topology sync"
249,Throughput=961Mbps | Latency=13ms | Reliability=99.959% | Density=3148devices/km2 | Mobility=72km/h | Error  =Sync loss | StdTag=TS 28.541,"TS 28.541 eMBB resource map, URLLC relation link, mMTC topology sync"
250,Throughput=623Mbps | Latency=10ms | Reliability=99.986% | Density=2241devices/km2 | Mobility=89km/h | Error  =Policy miss | StdTag=TS 28.541,"TS 28.541 eMBB resource map, URLLC relation link, mMTC topology sync"
251,Throughput=779Mbps | Latency=5ms | Reliability=99.965% | Density=2826devices/km2 | Mobility=106km/h | Error  =Timing skew | StdTag=TS 38.300,"TS 38.300 eMBB radio optimize, URLLC stable link, mMTC channel share"
252,Throughput=680Mbps | Latency=8ms | Reliability=99.98% | Density=2524devices/km2 | Mobility=40km/h | Error  =Scale lag | StdTag=TS 38.300,"TS 38.300 eMBB radio optimize, URLLC stable link, mMTC channel share"
253,Throughput=592Mbps | Latency=13ms | Reliability=99.97% | Density=3420devices/km2 | Mobility=111km/h | Error  =Scale lag | StdTag=TS 38.300,"TS 38.300 eMBB radio optimize, URLLC stable link, mMTC channel share"
254,Throughput=804Mbps | Latency=11ms | Reliability=99.966% | Density=3104devices/km2 | Mobility=51km/h | Error  =QoS drift | StdTag=TS 38.300,"TS 38.300 eMBB radio optimize, URLLC stable link, mMTC channel share"
255,Throughput=1030Mbps | Latency=8ms | Reliability=99.999% | Density=2156devices/km2 | Mobility=100km/h | Error  =Policy miss | StdTag=TS 38.300,"TS 38.300 eMBB radio optimize, URLLC stable link, mMTC channel share"
256,Throughput=1122Mbps | Latency=12ms | Reliability=99.997% | Density=3449devices/km2 | Mobility=91km/h | Error  =Low jitter | StdTag=TS 38.300,"TS 38.300 eMBB radio optimize, URLLC stable link, mMTC channel share"
257,Throughput=670Mbps | Latency=4ms | Reliability=99.952% | Density=3704devices/km2 | Mobility=48km/h | Error  =Timing skew | StdTag=TS 38.300,"TS 38.300 eMBB radio optimize, URLLC stable link, mMTC channel share"
258,Throughput=900Mbps | Latency=14ms | Reliability=99.996% | Density=2136devices/km2 | Mobility=61km/h | Error  =Timing skew | StdTag=TS 38.300,"TS 38.300 eMBB radio optimize, URLLC stable link, mMTC channel share"
259,Throughput=604Mbps | Latency=14ms | Reliability=99.967% | Density=3694devices/km2 | Mobility=87km/h | Error  =Low jitter | StdTag=TS 38.300,"TS 38.300 eMBB radio optimize, URLLC stable link, mMTC channel share"
260,Throughput=883Mbps | Latency=12ms | Reliability=99.974% | Density=3711devices/km2 | Mobility=91km/h | Error  =QoS drift | StdTag=TS 38.300,"TS 38.300 eMBB radio optimize, URLLC stable link, mMTC channel share"
261,Throughput=1196Mbps | Latency=9ms | Reliability=99.953% | Density=2189devices/km2 | Mobility=105km/h | Error  =Timing skew | StdTag=TS 38.300,"TS 38.300 eMBB radio optimize, URLLC stable link, mMTC channel share"
262,Throughput=608Mbps | Latency=12ms | Reliability=99.97% | Density=2920devices/km2 | Mobility=64km/h | Error  =Policy miss | StdTag=TS 38.300,"TS 38.300 eMBB radio optimize, URLLC stable link, mMTC channel share"
263,Throughput=953Mbps | Latency=12ms | Reliability=99.988% | Density=2740devices/km2 | Mobility=70km/h | Error  =Buffer warn | StdTag=TS 38.300,"TS 38.300 eMBB radio optimize, URLLC stable link, mMTC channel share"
264,Throughput=968Mbps | Latency=13ms | Reliability=99.957% | Density=3902devices/km2 | Mobility=57km/h | Error  =Buffer warn | StdTag=TS 38.300,"TS 38.300 eMBB radio optimize, URLLC stable link, mMTC channel share"
265,Throughput=856Mbps | Latency=9ms | Reliability=99.989% | Density=3088devices/km2 | Mobility=54km/h | Error  =Timing skew | StdTag=TS 38.300,"TS 38.300 eMBB radio optimize, URLLC stable link, mMTC channel share"
266,Throughput=964Mbps | Latency=5ms | Reliability=99.952% | Density=2302devices/km2 | Mobility=55km/h | Error  =Policy miss | StdTag=TS 38.300,"TS 38.300 eMBB radio optimize, URLLC stable link, mMTC channel share"
267,Throughput=899Mbps | Latency=10ms | Reliability=99.965% | Density=3120devices/km2 | Mobility=98km/h | Error  =Policy miss | StdTag=TS 38.300,"TS 38.300 eMBB radio optimize, URLLC stable link, mMTC channel share"
268,Throughput=1012Mbps | Latency=8ms | Reliability=99.974% | Density=2460devices/km2 | Mobility=71km/h | Error  =Buffer warn | StdTag=TS 38.300,"TS 38.300 eMBB radio optimize, URLLC stable link, mMTC channel share"
269,Throughput=614Mbps | Latency=9ms | Reliability=99.996% | Density=3110devices/km2 | Mobility=81km/h | Error  =Policy miss | StdTag=TS 38.300,"TS 38.300 eMBB radio optimize, URLLC stable link, mMTC channel share"
270,Throughput=776Mbps | Latency=10ms | Reliability=99.954% | Density=3982devices/km2 | Mobility=30km/h | Error  =Buffer warn | StdTag=TS 38.300,"TS 38.300 eMBB radio optimize, URLLC stable link, mMTC channel share"
271,Throughput=797Mbps | Latency=15ms | Reliability=99.986% | Density=2622devices/km2 | Mobility=100km/h | Error  =Low jitter | StdTag=TS 38.300,"TS 38.300 eMBB radio optimize, URLLC stable link, mMTC channel share"
272,Throughput=522Mbps | Latency=13ms | Reliability=99.974% | Density=2397devices/km2 | Mobility=93km/h | Error  =Timing skew | StdTag=TS 38.300,"TS 38.300 eMBB radio optimize, URLLC stable link, mMTC channel share"
273,Throughput=1073Mbps | Latency=13ms | Reliability=99.961% | Density=2691devices/km2 | Mobility=42km/h | Error  =Link drop | StdTag=TS 38.300,"TS 38.300 eMBB radio optimize, URLLC stable link, mMTC channel share"
274,Throughput=931Mbps | Latency=7ms | Reliability=99.964% | Density=2539devices/km2 | Mobility=49km/h | Error  =Sync loss | StdTag=TS 38.300,"TS 38.300 eMBB radio optimize, URLLC stable link, mMTC channel share"
275,Throughput=1146Mbps | Latency=8ms | Reliability=99.993% | Density=2251devices/km2 | Mobility=87km/h | Error  =Buffer warn | StdTag=TS 38.300,"TS 38.300 eMBB radio optimize, URLLC stable link, mMTC channel share"
276,Throughput=546Mbps | Latency=3ms | Reliability=99.987% | Density=3397devices/km2 | Mobility=65km/h | Error  =Radio load | StdTag=TS 38.300,"TS 38.300 eMBB radio optimize, URLLC stable link, mMTC channel share"
277,Throughput=516Mbps | Latency=11ms | Reliability=99.987% | Density=2538devices/km2 | Mobility=46km/h | Error  =Buffer warn | StdTag=TS 38.300,"TS 38.300 eMBB radio optimize, URLLC stable link, mMTC channel share"
278,Throughput=1157Mbps | Latency=10ms | Reliability=99.992% | Density=2132devices/km2 | Mobility=72km/h | Error  =Minor delay | StdTag=TS 38.300,"TS 38.300 eMBB radio optimize, URLLC stable link, mMTC channel share"
279,Throughput=987Mbps | Latency=10ms | Reliability=99.996% | Density=3130devices/km2 | Mobility=53km/h | Error  =Timing skew | StdTag=TS 38.300,"TS 38.300 eMBB radio optimize, URLLC stable link, mMTC channel share"
280,Throughput=792Mbps | Latency=9ms | Reliability=99.993% | Density=3877devices/km2 | Mobility=110km/h | Error  =Scale lag | StdTag=TS 38.300,"TS 38.300 eMBB radio optimize, URLLC stable link, mMTC channel share"
281,Throughput=915Mbps | Latency=13ms | Reliability=99.972% | Density=2239devices/km2 | Mobility=41km/h | Error  =Minor delay | StdTag=TS 38.300,"TS 38.300 eMBB radio optimize, URLLC stable link, mMTC channel share"
282,Throughput=599Mbps | Latency=15ms | Reliability=99.983% | Density=2207devices/km2 | Mobility=75km/h | Error  =Minor delay | StdTag=TS 38.300,"TS 38.300 eMBB radio optimize, URLLC stable link, mMTC channel share"
283,Throughput=892Mbps | Latency=3ms | Reliability=99.97% | Density=2870devices/km2 | Mobility=118km/h | Error  =Link drop | StdTag=TS 38.300,"TS 38.300 eMBB radio optimize, URLLC stable link, mMTC channel share"
284,Throughput=800Mbps | Latency=11ms | Reliability=99.985% | Density=3319devices/km2 | Mobility=80km/h | Error  =Scale lag | StdTag=TS 38.300,"TS 38.300 eMBB radio optimize, URLLC stable link, mMTC channel share"
285,Throughput=775Mbps | Latency=12ms | Reliability=99.995% | Density=2255devices/km2 | Mobility=59km/h | Error  =Radio load | StdTag=TS 38.300,"TS 38.300 eMBB radio optimize, URLLC stable link, mMTC channel share"
286,Throughput=764Mbps | Latency=4ms | Reliability=99.956% | Density=2610devices/km2 | Mobility=32km/h | Error  =Low jitter | StdTag=TS 38.300,"TS 38.300 eMBB radio optimize, URLLC stable link, mMTC channel share"
287,Throughput=990Mbps | Latency=12ms | Reliability=99.98% | Density=3185devices/km2 | Mobility=52km/h | Error  =Sync loss | StdTag=TS 38.300,"TS 38.300 eMBB radio optimize, URLLC stable link, mMTC channel share"
288,Throughput=859Mbps | Latency=15ms | Reliability=99.994% | Density=3574devices/km2 | Mobility=88km/h | Error  =Policy miss | StdTag=TS 38.300,"TS 38.300 eMBB radio optimize, URLLC stable link, mMTC channel share"
289,Throughput=578Mbps | Latency=12ms | Reliability=99.964% | Density=3280devices/km2 | Mobility=67km/h | Error  =Minor delay | StdTag=TS 38.300,"TS 38.300 eMBB radio optimize, URLLC stable link, mMTC channel share"
290,Throughput=765Mbps | Latency=8ms | Reliability=99.973% | Density=2489devices/km2 | Mobility=107km/h | Error  =Sync loss | StdTag=TS 38.300,"TS 38.300 eMBB radio optimize, URLLC stable link, mMTC channel share"
291,Throughput=1057Mbps | Latency=11ms | Reliability=99.977% | Density=3298devices/km2 | Mobility=30km/h | Error  =Minor delay | StdTag=TS 38.300,"TS 38.300 eMBB radio optimize, URLLC stable link, mMTC channel share"
292,Throughput=1091Mbps | Latency=6ms | Reliability=99.957% | Density=3680devices/km2 | Mobility=78km/h | Error  =Buffer warn | StdTag=TS 38.300,"TS 38.300 eMBB radio optimize, URLLC stable link, mMTC channel share"
293,Throughput=874Mbps | Latency=3ms | Reliability=99.998% | Density=2104devices/km2 | Mobility=45km/h | Error  =Minor delay | StdTag=TS 38.300,"TS 38.300 eMBB radio optimize, URLLC stable link, mMTC channel share"
294,Throughput=764Mbps | Latency=7ms | Reliability=99.988% | Density=2517devices/km2 | Mobility=107km/h | Error  =Sync loss | StdTag=TS 38.300,"TS 38.300 eMBB radio optimize, URLLC stable link, mMTC channel share"
295,Throughput=610Mbps | Latency=11ms | Reliability=99.983% | Density=2394devices/km2 | Mobility=52km/h | Error  =Low jitter | StdTag=TS 38.300,"TS 38.300 eMBB radio optimize, URLLC stable link, mMTC channel share"
296,Throughput=740Mbps | Latency=6ms | Reliability=99.989% | Density=3275devices/km2 | Mobility=60km/h | Error  =Policy miss | StdTag=TS 38.300,"TS 38.300 eMBB radio optimize, URLLC stable link, mMTC channel share"
297,Throughput=566Mbps | Latency=6ms | Reliability=99.98% | Density=2632devices/km2 | Mobility=91km/h | Error  =Policy miss | StdTag=TS 38.300,"TS 38.300 eMBB radio optimize, URLLC stable link, mMTC channel share"
298,Throughput=1087Mbps | Latency=9ms | Reliability=99.99% | Density=2525devices/km2 | Mobility=53km/h | Error  =Policy miss | StdTag=TS 38.300,"TS 38.300 eMBB radio optimize, URLLC stable link, mMTC channel share"
299,Throughput=1060Mbps | Latency=3ms | Reliability=99.987% | Density=2050devices/km2 | Mobility=58km/h | Error  =Sync loss | StdTag=TS 38.300,"TS 38.300 eMBB radio optimize, URLLC stable link, mMTC channel share"
300,Throughput=1060Mbps | Latency=10ms | Reliability=99.986% | Density=2075devices/km2 | Mobility=74km/h | Error  =Policy miss | StdTag=TS 38.300,"TS 38.300 eMBB radio optimize, URLLC stable link, mMTC channel share"